neighborhood,ocorrencias,idade_media,acao_policial,pct_fim_semana,periodo_MADRUGADA,periodo_MANHÃ,periodo_NOITE,periodo_TARDE,tipo_AMEACA,tipo_DISPARO,tipo_HOMICIDIO/TENTATIVA,tipo_OUTROS,tipo_ROUBO,tipo_TIRO,cluster
AFLITOS,57,31.80701754385965,0.10526315789473684,0.15789473684210525,0.19298245614035087,0.08771929824561403,0.42105263157894735,0.2982456140350877,0.14035087719298245,0.19298245614035087,0.3684210526315789,0.10526315789473684,0.07017543859649122,0.12280701754385964,2
ALTO JOSE DO PINHO,103,28.57281553398058,0.038834951456310676,0.36893203883495146,0.24271844660194175,0.10679611650485436,0.44660194174757284,0.20388349514563106,0.0970873786407767,0.2524271844660194,0.42718446601941745,0.07766990291262135,0.04854368932038835,0.0970873786407767,0
BOA VISTA,42,32.904761904761905,0.0,0.2619047619047619,0.16666666666666666,0.07142857142857142,0.5,0.2619047619047619,0.14285714285714285,0.23809523809523808,0.23809523809523808,0.023809523809523808,0.11904761904761904,0.23809523809523808,1
BREJO DA GUARDEIRA,72,29.86111111111111,0.06944444444444445,0.375,0.2638888888888889,0.1388888888888889,0.3888888888888889,0.20833333333333334,0.027777777777777776,0.25,0.4027777777777778,0.06944444444444445,0.06944444444444445,0.18055555555555555,0
CASA AMARELA,56,30.803571428571427,0.03571428571428571,0.2857142857142857,0.14285714285714285,0.07142857142857142,0.625,0.16071428571428573,0.10714285714285714,0.30357142857142855,0.25,0.03571428571428571,0.08928571428571429,0.21428571428571427,1
CAXANGA,62,28.112903225806452,0.06451612903225806,0.3225806451612903,0.20967741935483872,0.11290322580645161,0.46774193548387094,0.20967741935483872,0.06451612903225806,0.3709677419354839,0.3548387096774194,0.016129032258064516,0.04838709677419355,0.14516129032258066,0
COHAB,133,28.593984962406015,0.06015037593984962,0.23308270676691728,0.24812030075187969,0.10526315789473684,0.44360902255639095,0.20300751879699247,0.09022556390977443,0.22556390977443608,0.47368421052631576,0.06015037593984962,0.06015037593984962,0.09022556390977443,0
CORDOARIA,91,30.175824175824175,0.054945054945054944,0.3076923076923077,0.23076923076923078,0.0989010989010989,0.46153846153846156,0.2087912087912088,0.07692307692307693,0.26373626373626374,0.34065934065934067,0.08791208791208792,0.07692307692307693,0.15384615384615385,0
CURADO,83,27.91566265060241,0.08433734939759036,0.3373493975903614,0.1927710843373494,0.07228915662650602,0.5301204819277109,0.20481927710843373,0.024096385542168676,0.30120481927710846,0.3855421686746988,0.08433734939759036,0.08433734939759036,0.12048192771084337,0
ESPINHEIRO,43,32.06976744186046,0.11627906976744186,0.18604651162790697,0.23255813953488372,0.09302325581395349,0.5116279069767442,0.16279069767441862,0.18604651162790697,0.3023255813953488,0.23255813953488372,0.06976744186046512,0.06976744186046512,0.13953488372093023,2
ESTACAO,80,29.1625,0.05,0.3375,0.2625,0.1,0.475,0.1625,0.0375,0.225,0.375,0.075,0.1,0.1875,0
GRACO,34,29.58823529411765,0.0,0.20588235294117646,0.2647058823529412,0.11764705882352941,0.5,0.11764705882352941,0.17647058823529413,0.11764705882352941,0.35294117647058826,0.11764705882352941,0.058823529411764705,0.17647058823529413,3
IBURA,150,30.446666666666665,0.06,0.22666666666666666,0.26,0.07333333333333333,0.4533333333333333,0.21333333333333335,0.14666666666666667,0.3,0.30666666666666664,0.06,0.07333333333333333,0.11333333333333333,2
IPUTINGA,148,30.12162162162162,0.08108108108108109,0.23648648648648649,0.19594594594594594,0.08108108108108109,0.49324324324324326,0.22972972972972974,0.11486486486486487,0.23648648648648649,0.2972972972972973,0.0472972972972973,0.13513513513513514,0.16891891891891891,2
JAQUEIRA,39,30.794871794871796,0.07692307692307693,0.3333333333333333,0.20512820512820512,0.07692307692307693,0.5128205128205128,0.20512820512820512,0.1794871794871795,0.05128205128205128,0.38461538461538464,0.05128205128205128,0.05128205128205128,0.28205128205128205,3
JARDIM SAO PAULO,64,29.40625,0.015625,0.296875,0.21875,0.046875,0.484375,0.25,0.09375,0.3125,0.34375,0.046875,0.09375,0.109375,0
MANGABEIRA,92,30.043478260869566,0.09782608695652174,0.21739130434782608,0.1956521739130435,0.09782608695652174,0.43478260869565216,0.2717391304347826,0.13043478260869565,0.3695652173913043,0.22826086956521738,0.08695652173913043,0.08695652173913043,0.09782608695652174,2
NOVA DESCOBERTA,154,30.551948051948052,0.08441558441558442,0.35714285714285715,0.2077922077922078,0.11038961038961038,0.44805194805194803,0.23376623376623376,0.14285714285714285,0.2792207792207792,0.2857142857142857,0.045454545454545456,0.06493506493506493,0.18181818181818182,2
POCO DA PANELA,32,29.15625,0.03125,0.25,0.15625,0.0,0.625,0.21875,0.09375,0.40625,0.21875,0.03125,0.09375,0.15625,1
ROSARINHO,34,33.0,0.058823529411764705,0.29411764705882354,0.29411764705882354,0.08823529411764706,0.35294117647058826,0.2647058823529412,0.11764705882352941,0.2647058823529412,0.2647058823529412,0.029411764705882353,0.11764705882352941,0.20588235294117646,2
SAN MARTIN,97,32.24742268041237,0.07216494845360824,0.20618556701030927,0.1958762886597938,0.05154639175257732,0.41237113402061853,0.3402061855670103,0.1134020618556701,0.29896907216494845,0.27835051546391754,0.07216494845360824,0.08247422680412371,0.15463917525773196,2
SANTO AMARO,70,27.928571428571427,0.04285714285714286,0.15714285714285714,0.14285714285714285,0.08571428571428572,0.5857142857142857,0.18571428571428572,0.1,0.34285714285714286,0.3,0.02857142857142857,0.05714285714285714,0.17142857142857143,1
TOTOS,37,30.054054054054053,0.05405405405405406,0.16216216216216217,0.21621621621621623,0.02702702702702703,0.5405405405405406,0.21621621621621623,0.08108108108108109,0.2702702702702703,0.24324324324324326,0.05405405405405406,0.08108108108108109,0.2702702702702703,1
VARZEA,163,29.441717791411044,0.05521472392638037,0.25766871165644173,0.2331288343558282,0.1165644171779141,0.4723926380368098,0.17791411042944785,0.1165644171779141,0.2392638036809816,0.36809815950920244,0.06134969325153374,0.08588957055214724,0.12883435582822086,0
VASCO DA GAMA,64,30.828125,0.03125,0.25,0.15625,0.109375,0.5,0.234375,0.046875,0.171875,0.484375,0.046875,0.078125,0.171875,0
